"public void bad() throws Throwable String data while (true) data = '' Socket socket Socket socket = null BufferedReader readerBuffered BufferedReader readerBuffered = null InputStreamReader readerInputStream InputStreamReader readerInputStream = null try socket = new Socket('host.example.org', 39544) new Socket('host.example.org', 39544) readerInputStream = new InputStreamReader(socket.getInputStream(), 'UTF-8') new InputStreamReader(socket.getInputStream(), 'UTF-8') socket.getInputStream() readerBuffered = new BufferedReader(readerInputStream) new BufferedReader(readerInputStream) data = readerBuffered.readLine() readerBuffered.readLine() catch IO.logger.log(Level.WARNING, 'Error with stream reading', exceptIO) IO.logger Level.WARNING finally if (readerBuffered != null) readerBuffered != null readerBuffered.close() IO.logger.log(Level.WARNING, 'Error closing BufferedReader', exceptIO) if (readerInputStream != null) readerInputStream != null readerInputStream.close() IO.logger.log(Level.WARNING, 'Error closing InputStreamReader', exceptIO) if (socket != null) socket != null socket.close() IO.logger.log(Level.WARNING, 'Error closing Socket', exceptIO) break; String osCommand if (System.getProperty('os.name').toLowerCase().indexOf('win') >= 0) System.getProperty('os.name').toLowerCase().indexOf('win') >= 0 System.getProperty('os.name').toLowerCase().indexOf('win') System.getProperty('os.name').toLowerCase() System.getProperty('os.name') osCommand = 'c:\\WINDOWS\\SYSTEM32\\cmd.exe /c dir ' else osCommand = '/bin/ls ' Process process Process process = Runtime.getRuntime().exec(osCommand + data) Runtime.getRuntime().exec(osCommand + data) Runtime.getRuntime() osCommand + data process.waitFor()"
public void good() throws Throwable this.goodG2B()
private void goodG2B1() throws Throwable String data String data = null switch(5) data = null break; data = 'foo' String osCommand if (System.getProperty('os.name').toLowerCase().indexOf('win') >= 0) System.getProperty('os.name').toLowerCase().indexOf('win') >= 0 System.getProperty('os.name').toLowerCase().indexOf('win') System.getProperty('os.name').toLowerCase() System.getProperty('os.name') osCommand = 'c:\\WINDOWS\\SYSTEM32\\cmd.exe /c dir ' else osCommand = '/bin/ls ' Process process Process process = Runtime.getRuntime().exec(osCommand + data) Runtime.getRuntime().exec(osCommand + data) Runtime.getRuntime() osCommand + data process.waitFor()
"public static void main(String[] args) throws ClassNotFoundException, InstantiationException, IllegalAccessException mainFromParent(args)"
"public void bad() throws Throwable String data String data = null switch(6) data = '' Socket socket Socket socket = null BufferedReader readerBuffered BufferedReader readerBuffered = null InputStreamReader readerInputStream InputStreamReader readerInputStream = null try socket = new Socket('host.example.org', 39544) new Socket('host.example.org', 39544) readerInputStream = new InputStreamReader(socket.getInputStream(), 'UTF-8') new InputStreamReader(socket.getInputStream(), 'UTF-8') socket.getInputStream() readerBuffered = new BufferedReader(readerInputStream) new BufferedReader(readerInputStream) data = readerBuffered.readLine() readerBuffered.readLine() catch IO.logger.log(Level.WARNING, 'Error with stream reading', exceptIO) IO.logger Level.WARNING finally if (readerBuffered != null) readerBuffered != null readerBuffered.close() IO.logger.log(Level.WARNING, 'Error closing BufferedReader', exceptIO) if (readerInputStream != null) readerInputStream != null readerInputStream.close() IO.logger.log(Level.WARNING, 'Error closing InputStreamReader', exceptIO) if (socket != null) socket != null socket.close() IO.logger.log(Level.WARNING, 'Error closing Socket', exceptIO) break; data = null String osCommand if (System.getProperty('os.name').toLowerCase().indexOf('win') >= 0) System.getProperty('os.name').toLowerCase().indexOf('win') >= 0 System.getProperty('os.name').toLowerCase().indexOf('win') System.getProperty('os.name').toLowerCase() System.getProperty('os.name') osCommand = 'c:\\WINDOWS\\SYSTEM32\\cmd.exe /c dir ' else osCommand = '/bin/ls ' Process process Process process = Runtime.getRuntime().exec(osCommand + data) Runtime.getRuntime().exec(osCommand + data) Runtime.getRuntime() osCommand + data process.waitFor()"
private void goodG2B() throws Throwable String data String data = goodG2BSource() this.goodG2BSource() String osCommand if (System.getProperty('os.name').toLowerCase().indexOf('win') >= 0) System.getProperty('os.name').toLowerCase().indexOf('win') >= 0 System.getProperty('os.name').toLowerCase().indexOf('win') System.getProperty('os.name').toLowerCase() System.getProperty('os.name') osCommand = 'c:\\WINDOWS\\SYSTEM32\\cmd.exe /c dir ' else osCommand = '/bin/ls ' Process process Process process = Runtime.getRuntime().exec(osCommand + data) Runtime.getRuntime().exec(osCommand + data) Runtime.getRuntime() osCommand + data process.waitFor()
"public void bad(HttpServletRequest request, HttpServletResponse response) throws Throwable String data if (true) data = '' Socket socket Socket socket = null BufferedReader readerBuffered BufferedReader readerBuffered = null InputStreamReader readerInputStream InputStreamReader readerInputStream = null try socket = new Socket('host.example.org', 39544) new Socket('host.example.org', 39544) readerInputStream = new InputStreamReader(socket.getInputStream(), 'UTF-8') new InputStreamReader(socket.getInputStream(), 'UTF-8') socket.getInputStream() readerBuffered = new BufferedReader(readerInputStream) new BufferedReader(readerInputStream) data = readerBuffered.readLine() readerBuffered.readLine() catch IO.logger.log(Level.WARNING, 'Error with stream reading', exceptIO) IO.logger Level.WARNING finally if (readerBuffered != null) readerBuffered != null readerBuffered.close() IO.logger.log(Level.WARNING, 'Error closing BufferedReader', exceptIO) if (readerInputStream != null) readerInputStream != null readerInputStream.close() IO.logger.log(Level.WARNING, 'Error closing InputStreamReader', exceptIO) if (socket != null) socket != null socket.close() IO.logger.log(Level.WARNING, 'Error closing Socket', exceptIO) else data = null if (data != null) data != null getWriter().println('<br>bad() - <img src=\'' + data + '\'>') getWriter() '<br>bad() - <img src=\'' + data + '\'>' '<br>bad() - <img src=\'' + data"
public void good() throws Throwable this.goodG2B1() this.goodG2B2()
"public static void main(String[] args) throws ClassNotFoundException, InstantiationException, IllegalAccessException mainFromParent(args)"
"public void bad() throws Throwable String data String data = null switch(6) data = '' Socket socket Socket socket = null BufferedReader readerBuffered BufferedReader readerBuffered = null InputStreamReader readerInputStream InputStreamReader readerInputStream = null try socket = new Socket('host.example.org', 39544) new Socket('host.example.org', 39544) readerInputStream = new InputStreamReader(socket.getInputStream(), 'UTF-8') new InputStreamReader(socket.getInputStream(), 'UTF-8') socket.getInputStream() readerBuffered = new BufferedReader(readerInputStream) new BufferedReader(readerInputStream) data = readerBuffered.readLine() readerBuffered.readLine() catch IO.logger.log(Level.WARNING, 'Error with stream reading', exceptIO) IO.logger Level.WARNING finally if (readerBuffered != null) readerBuffered != null readerBuffered.close() IO.logger.log(Level.WARNING, 'Error closing BufferedReader', exceptIO) if (readerInputStream != null) readerInputStream != null readerInputStream.close() IO.logger.log(Level.WARNING, 'Error closing InputStreamReader', exceptIO) if (socket != null) socket != null socket.close() IO.logger.log(Level.WARNING, 'Error closing Socket', exceptIO) break; data = null String osCommand if (System.getProperty('os.name').toLowerCase().indexOf('win') >= 0) System.getProperty('os.name').toLowerCase().indexOf('win') >= 0 System.getProperty('os.name').toLowerCase().indexOf('win') System.getProperty('os.name').toLowerCase() System.getProperty('os.name') osCommand = 'c:\\WINDOWS\\SYSTEM32\\cmd.exe /c dir ' else osCommand = '/bin/ls ' Process process Process process = Runtime.getRuntime().exec(osCommand + data) Runtime.getRuntime().exec(osCommand + data) Runtime.getRuntime() osCommand + data process.waitFor()"
"private void goodG2B1(HttpServletRequest request, HttpServletResponse response) throws Throwable String data if (5 != 5) 5 != 5 data = null else data = 'foo' if (data != null) data != null getWriter().println('<br>bad() - <img src=\'' + data + '\'>') getWriter() '<br>bad() - <img src=\'' + data + '\'>' '<br>bad() - <img src=\'' + data"
private void goodG2B() throws Throwable String data String data = goodG2BSource() this.goodG2BSource() String osCommand if (System.getProperty('os.name').toLowerCase().indexOf('win') >= 0) System.getProperty('os.name').toLowerCase().indexOf('win') >= 0 System.getProperty('os.name').toLowerCase().indexOf('win') System.getProperty('os.name').toLowerCase() System.getProperty('os.name') osCommand = 'c:\\WINDOWS\\SYSTEM32\\cmd.exe /c dir ' else osCommand = '/bin/ls ' Process process Process process = Runtime.getRuntime().exec(osCommand + data) Runtime.getRuntime().exec(osCommand + data) Runtime.getRuntime() osCommand + data process.waitFor()
public void good() throws Throwable this.goodG2B1() this.goodG2B2()
"public static void main(String[] args) throws ClassNotFoundException, InstantiationException, IllegalAccessException mainFromParent(args)"
private void goodG2BSink(String data) throws Throwable String osCommand if (System.getProperty('os.name').toLowerCase().indexOf('win') >= 0) System.getProperty('os.name').toLowerCase().indexOf('win') >= 0 System.getProperty('os.name').toLowerCase().indexOf('win') System.getProperty('os.name').toLowerCase() System.getProperty('os.name') osCommand = 'c:\\WINDOWS\\SYSTEM32\\cmd.exe /c dir ' else osCommand = '/bin/ls ' Process process Process process = Runtime.getRuntime().exec(osCommand + data) Runtime.getRuntime().exec(osCommand + data) Runtime.getRuntime() osCommand + data process.waitFor()
"private void goodG2B1(HttpServletRequest request, HttpServletResponse response) throws Throwable String data if (CWE83_XSS_Attribute__Servlet_connect_tcp_04.PRIVATE_STATIC_FINAL_FALSE) CWE83_XSS_Attribute__Servlet_connect_tcp_04.PRIVATE_STATIC_FINAL_FALSE data = null else data = 'foo' if (data != null) data != null getWriter().println('<br>bad() - <img src=\'' + data + '\'>') getWriter() '<br>bad() - <img src=\'' + data + '\'>' '<br>bad() - <img src=\'' + data"
private void goodG2BSink(String data) throws Throwable String osCommand if (System.getProperty('os.name').toLowerCase().indexOf('win') >= 0) System.getProperty('os.name').toLowerCase().indexOf('win') >= 0 System.getProperty('os.name').toLowerCase().indexOf('win') System.getProperty('os.name').toLowerCase() System.getProperty('os.name') osCommand = 'c:\\WINDOWS\\SYSTEM32\\cmd.exe /c dir ' else osCommand = '/bin/ls ' Process process Process process = Runtime.getRuntime().exec(osCommand + data) Runtime.getRuntime().exec(osCommand + data) Runtime.getRuntime() osCommand + data process.waitFor()
public void good() throws Throwable this.goodG2B1() this.goodG2B2()
"public static void main(String[] args) throws ClassNotFoundException, InstantiationException, IllegalAccessException mainFromParent(args)"
"public void bad(HttpServletRequest request, HttpServletResponse response) throws Throwable String data if (this.privateTrue) this.privateTrue data = '' Socket socket Socket socket = null BufferedReader readerBuffered BufferedReader readerBuffered = null InputStreamReader readerInputStream InputStreamReader readerInputStream = null try socket = new Socket('host.example.org', 39544) new Socket('host.example.org', 39544) readerInputStream = new InputStreamReader(socket.getInputStream(), 'UTF-8') new InputStreamReader(socket.getInputStream(), 'UTF-8') socket.getInputStream() readerBuffered = new BufferedReader(readerInputStream) new BufferedReader(readerInputStream) data = readerBuffered.readLine() readerBuffered.readLine() catch IO.logger.log(Level.WARNING, 'Error with stream reading', exceptIO) IO.logger Level.WARNING finally if (readerBuffered != null) readerBuffered != null readerBuffered.close() IO.logger.log(Level.WARNING, 'Error closing BufferedReader', exceptIO) if (readerInputStream != null) readerInputStream != null readerInputStream.close() IO.logger.log(Level.WARNING, 'Error closing InputStreamReader', exceptIO) if (socket != null) socket != null socket.close() IO.logger.log(Level.WARNING, 'Error closing Socket', exceptIO) else data = null if (data != null) data != null getWriter().println('<br>bad() - <img src=\'' + data + '\'>') getWriter() '<br>bad() - <img src=\'' + data + '\'>' '<br>bad() - <img src=\'' + data"
private void goodG2B() throws Throwable String data String data = goodG2BSource() this.goodG2BSource() String osCommand if (System.getProperty('os.name').toLowerCase().indexOf('win') >= 0) System.getProperty('os.name').toLowerCase().indexOf('win') >= 0 System.getProperty('os.name').toLowerCase().indexOf('win') System.getProperty('os.name').toLowerCase() System.getProperty('os.name') osCommand = 'c:\\WINDOWS\\SYSTEM32\\cmd.exe /c dir ' else osCommand = '/bin/ls ' Process process Process process = Runtime.getRuntime().exec(osCommand + data) Runtime.getRuntime().exec(osCommand + data) Runtime.getRuntime() osCommand + data process.waitFor()
private void goodG2B() throws Throwable String data String data = goodG2BSource() this.goodG2BSource() String osCommand if (System.getProperty('os.name').toLowerCase().indexOf('win') >= 0) System.getProperty('os.name').toLowerCase().indexOf('win') >= 0 System.getProperty('os.name').toLowerCase().indexOf('win') System.getProperty('os.name').toLowerCase() System.getProperty('os.name') osCommand = 'c:\\WINDOWS\\SYSTEM32\\cmd.exe /c dir ' else osCommand = '/bin/ls ' Process process Process process = Runtime.getRuntime().exec(osCommand + data) Runtime.getRuntime().exec(osCommand + data) Runtime.getRuntime() osCommand + data process.waitFor()
public void good() throws Throwable this.goodG2B1() this.goodG2B2()
"public static void main(String[] args) throws ClassNotFoundException, InstantiationException, IllegalAccessException mainFromParent(args)"
private void goodG2BSink(String data) throws Throwable String osCommand if (System.getProperty('os.name').toLowerCase().indexOf('win') >= 0) System.getProperty('os.name').toLowerCase().indexOf('win') >= 0 System.getProperty('os.name').toLowerCase().indexOf('win') System.getProperty('os.name').toLowerCase() System.getProperty('os.name') osCommand = 'c:\\WINDOWS\\SYSTEM32\\cmd.exe /c dir ' else osCommand = '/bin/ls ' Process process Process process = Runtime.getRuntime().exec(osCommand + data) Runtime.getRuntime().exec(osCommand + data) Runtime.getRuntime() osCommand + data process.waitFor()
private void goodG2B2() throws Throwable String data String data = null switch(6) data = 'foo' break; data = null String osCommand if (System.getProperty('os.name').toLowerCase().indexOf('win') >= 0) System.getProperty('os.name').toLowerCase().indexOf('win') >= 0 System.getProperty('os.name').toLowerCase().indexOf('win') System.getProperty('os.name').toLowerCase() System.getProperty('os.name') osCommand = 'c:\\WINDOWS\\SYSTEM32\\cmd.exe /c dir ' else osCommand = '/bin/ls ' Process process Process process = Runtime.getRuntime().exec(osCommand + data) Runtime.getRuntime().exec(osCommand + data) Runtime.getRuntime() osCommand + data process.waitFor()
private void goodG2B2() throws Throwable String data String data = null switch(6) data = 'foo' break; data = null String osCommand if (System.getProperty('os.name').toLowerCase().indexOf('win') >= 0) System.getProperty('os.name').toLowerCase().indexOf('win') >= 0 System.getProperty('os.name').toLowerCase().indexOf('win') System.getProperty('os.name').toLowerCase() System.getProperty('os.name') osCommand = 'c:\\WINDOWS\\SYSTEM32\\cmd.exe /c dir ' else osCommand = '/bin/ls ' Process process Process process = Runtime.getRuntime().exec(osCommand + data) Runtime.getRuntime().exec(osCommand + data) Runtime.getRuntime() osCommand + data process.waitFor()
public void good() throws Throwable this.goodG2B1() this.goodG2B2()
"public static void main(String[] args) throws ClassNotFoundException, InstantiationException, IllegalAccessException mainFromParent(args)"
private void goodG2B2() throws Throwable String data String data = null switch(6) data = 'foo' break; data = null String osCommand if (System.getProperty('os.name').toLowerCase().indexOf('win') >= 0) System.getProperty('os.name').toLowerCase().indexOf('win') >= 0 System.getProperty('os.name').toLowerCase().indexOf('win') System.getProperty('os.name').toLowerCase() System.getProperty('os.name') osCommand = 'c:\\WINDOWS\\SYSTEM32\\cmd.exe /c dir ' else osCommand = '/bin/ls ' Process process Process process = Runtime.getRuntime().exec(osCommand + data) Runtime.getRuntime().exec(osCommand + data) Runtime.getRuntime() osCommand + data process.waitFor()
private void goodG2B2() throws Throwable String data String data = null switch(6) data = 'foo' break; data = null String osCommand if (System.getProperty('os.name').toLowerCase().indexOf('win') >= 0) System.getProperty('os.name').toLowerCase().indexOf('win') >= 0 System.getProperty('os.name').toLowerCase().indexOf('win') System.getProperty('os.name').toLowerCase() System.getProperty('os.name') osCommand = 'c:\\WINDOWS\\SYSTEM32\\cmd.exe /c dir ' else osCommand = '/bin/ls ' Process process Process process = Runtime.getRuntime().exec(osCommand + data) Runtime.getRuntime().exec(osCommand + data) Runtime.getRuntime() osCommand + data process.waitFor()
private void goodG2B2() throws Throwable String data String data = null switch(6) data = 'foo' break; data = null String osCommand if (System.getProperty('os.name').toLowerCase().indexOf('win') >= 0) System.getProperty('os.name').toLowerCase().indexOf('win') >= 0 System.getProperty('os.name').toLowerCase().indexOf('win') System.getProperty('os.name').toLowerCase() System.getProperty('os.name') osCommand = 'c:\\WINDOWS\\SYSTEM32\\cmd.exe /c dir ' else osCommand = '/bin/ls ' Process process Process process = Runtime.getRuntime().exec(osCommand + data) Runtime.getRuntime().exec(osCommand + data) Runtime.getRuntime() osCommand + data process.waitFor()
public void good() throws Throwable this.goodG2B1() this.goodG2B2()
"public static void main(String[] args) throws ClassNotFoundException, InstantiationException, IllegalAccessException mainFromParent(args)"
"public void bad(HttpServletRequest request, HttpServletResponse response) throws Throwable String data if (true) data = '' Socket socket Socket socket = null BufferedReader readerBuffered BufferedReader readerBuffered = null InputStreamReader readerInputStream InputStreamReader readerInputStream = null try socket = new Socket('host.example.org', 39544) new Socket('host.example.org', 39544) readerInputStream = new InputStreamReader(socket.getInputStream(), 'UTF-8') new InputStreamReader(socket.getInputStream(), 'UTF-8') socket.getInputStream() readerBuffered = new BufferedReader(readerInputStream) new BufferedReader(readerInputStream) data = readerBuffered.readLine() readerBuffered.readLine() catch IO.logger.log(Level.WARNING, 'Error with stream reading', exceptIO) IO.logger Level.WARNING finally if (readerBuffered != null) readerBuffered != null readerBuffered.close() IO.logger.log(Level.WARNING, 'Error closing BufferedReader', exceptIO) if (readerInputStream != null) readerInputStream != null readerInputStream.close() IO.logger.log(Level.WARNING, 'Error closing InputStreamReader', exceptIO) if (socket != null) socket != null socket.close() IO.logger.log(Level.WARNING, 'Error closing Socket', exceptIO) else data = null if (data != null) data != null getWriter().println('<br>bad(): data = ' + data.replaceAll('(<script>)', '')) getWriter() '<br>bad(): data = ' + data.replaceAll('(<script>)', '') data.replaceAll('(<script>)', '')"
"public void bad(HttpServletRequest request, HttpServletResponse response) throws Throwable String data if (true) data = '' Socket socket Socket socket = null BufferedReader readerBuffered BufferedReader readerBuffered = null InputStreamReader readerInputStream InputStreamReader readerInputStream = null try socket = new Socket('host.example.org', 39544) new Socket('host.example.org', 39544) readerInputStream = new InputStreamReader(socket.getInputStream(), 'UTF-8') new InputStreamReader(socket.getInputStream(), 'UTF-8') socket.getInputStream() readerBuffered = new BufferedReader(readerInputStream) new BufferedReader(readerInputStream) data = readerBuffered.readLine() readerBuffered.readLine() catch IO.logger.log(Level.WARNING, 'Error with stream reading', exceptIO) IO.logger Level.WARNING finally if (readerBuffered != null) readerBuffered != null readerBuffered.close() IO.logger.log(Level.WARNING, 'Error closing BufferedReader', exceptIO) if (readerInputStream != null) readerInputStream != null readerInputStream.close() IO.logger.log(Level.WARNING, 'Error closing InputStreamReader', exceptIO) if (socket != null) socket != null socket.close() IO.logger.log(Level.WARNING, 'Error closing Socket', exceptIO) else data = null if (data != null) data != null getWriter().println('<br>bad(): data = ' + data.replaceAll('(<script>)', '')) getWriter() '<br>bad(): data = ' + data.replaceAll('(<script>)', '') data.replaceAll('(<script>)', '')"
private void goodG2BSink(String data) throws Throwable String osCommand if (System.getProperty('os.name').toLowerCase().indexOf('win') >= 0) System.getProperty('os.name').toLowerCase().indexOf('win') >= 0 System.getProperty('os.name').toLowerCase().indexOf('win') System.getProperty('os.name').toLowerCase() System.getProperty('os.name') osCommand = 'c:\\WINDOWS\\SYSTEM32\\cmd.exe /c dir ' else osCommand = '/bin/ls ' Process process Process process = Runtime.getRuntime().exec(osCommand + data) Runtime.getRuntime().exec(osCommand + data) Runtime.getRuntime() osCommand + data process.waitFor()
private void goodG2B() throws Throwable String data String data = goodG2BSource() this.goodG2BSource() String osCommand if (System.getProperty('os.name').toLowerCase().indexOf('win') >= 0) System.getProperty('os.name').toLowerCase().indexOf('win') >= 0 System.getProperty('os.name').toLowerCase().indexOf('win') System.getProperty('os.name').toLowerCase() System.getProperty('os.name') osCommand = 'c:\\WINDOWS\\SYSTEM32\\cmd.exe /c dir ' else osCommand = '/bin/ls ' Process process Process process = Runtime.getRuntime().exec(osCommand + data) Runtime.getRuntime().exec(osCommand + data) Runtime.getRuntime() osCommand + data process.waitFor()
private void goodG2B() throws Throwable String data String data = goodG2BSource() this.goodG2BSource() String osCommand if (System.getProperty('os.name').toLowerCase().indexOf('win') >= 0) System.getProperty('os.name').toLowerCase().indexOf('win') >= 0 System.getProperty('os.name').toLowerCase().indexOf('win') System.getProperty('os.name').toLowerCase() System.getProperty('os.name') osCommand = 'c:\\WINDOWS\\SYSTEM32\\cmd.exe /c dir ' else osCommand = '/bin/ls ' Process process Process process = Runtime.getRuntime().exec(osCommand + data) Runtime.getRuntime().exec(osCommand + data) Runtime.getRuntime() osCommand + data process.waitFor()
public void good() throws Throwable this.goodG2B1() this.goodG2B2()
"public static void main(String[] args) throws ClassNotFoundException, InstantiationException, IllegalAccessException mainFromParent(args)"
"public void bad(HttpServletRequest request, HttpServletResponse response) throws Throwable String data if (this.privateTrue) this.privateTrue data = '' Socket socket Socket socket = null BufferedReader readerBuffered BufferedReader readerBuffered = null InputStreamReader readerInputStream InputStreamReader readerInputStream = null try socket = new Socket('host.example.org', 39544) new Socket('host.example.org', 39544) readerInputStream = new InputStreamReader(socket.getInputStream(), 'UTF-8') new InputStreamReader(socket.getInputStream(), 'UTF-8') socket.getInputStream() readerBuffered = new BufferedReader(readerInputStream) new BufferedReader(readerInputStream) data = readerBuffered.readLine() readerBuffered.readLine() catch IO.logger.log(Level.WARNING, 'Error with stream reading', exceptIO) IO.logger Level.WARNING finally if (readerBuffered != null) readerBuffered != null readerBuffered.close() IO.logger.log(Level.WARNING, 'Error closing BufferedReader', exceptIO) if (readerInputStream != null) readerInputStream != null readerInputStream.close() IO.logger.log(Level.WARNING, 'Error closing InputStreamReader', exceptIO) if (socket != null) socket != null socket.close() IO.logger.log(Level.WARNING, 'Error closing Socket', exceptIO) else data = null if (data != null) data != null getWriter().println('<br>bad() - <img src=\'' + data + '\'>') getWriter() '<br>bad() - <img src=\'' + data + '\'>' '<br>bad() - <img src=\'' + data"
private void badSink(String data) throws Throwable String osCommand if (System.getProperty('os.name').toLowerCase().indexOf('win') >= 0) System.getProperty('os.name').toLowerCase().indexOf('win') >= 0 System.getProperty('os.name').toLowerCase().indexOf('win') System.getProperty('os.name').toLowerCase() System.getProperty('os.name') osCommand = 'c:\\WINDOWS\\SYSTEM32\\cmd.exe /c dir ' else osCommand = '/bin/ls ' Process process Process process = Runtime.getRuntime().exec(osCommand + data) Runtime.getRuntime().exec(osCommand + data) Runtime.getRuntime() osCommand + data process.waitFor()
private void badSink(String data) throws Throwable String osCommand if (System.getProperty('os.name').toLowerCase().indexOf('win') >= 0) System.getProperty('os.name').toLowerCase().indexOf('win') >= 0 System.getProperty('os.name').toLowerCase().indexOf('win') System.getProperty('os.name').toLowerCase() System.getProperty('os.name') osCommand = 'c:\\WINDOWS\\SYSTEM32\\cmd.exe /c dir ' else osCommand = '/bin/ls ' Process process Process process = Runtime.getRuntime().exec(osCommand + data) Runtime.getRuntime().exec(osCommand + data) Runtime.getRuntime() osCommand + data process.waitFor()
public void good() throws Throwable this.goodG2B1() this.goodG2B2()
"public static void main(String[] args) throws ClassNotFoundException, InstantiationException, IllegalAccessException mainFromParent(args)"
"public void bad(HttpServletRequest request, HttpServletResponse response) throws Throwable String data if (this.privateTrue) this.privateTrue data = '' Socket socket Socket socket = null BufferedReader readerBuffered BufferedReader readerBuffered = null InputStreamReader readerInputStream InputStreamReader readerInputStream = null try socket = new Socket('host.example.org', 39544) new Socket('host.example.org', 39544) readerInputStream = new InputStreamReader(socket.getInputStream(), 'UTF-8') new InputStreamReader(socket.getInputStream(), 'UTF-8') socket.getInputStream() readerBuffered = new BufferedReader(readerInputStream) new BufferedReader(readerInputStream) data = readerBuffered.readLine() readerBuffered.readLine() catch IO.logger.log(Level.WARNING, 'Error with stream reading', exceptIO) IO.logger Level.WARNING finally if (readerBuffered != null) readerBuffered != null readerBuffered.close() IO.logger.log(Level.WARNING, 'Error closing BufferedReader', exceptIO) if (readerInputStream != null) readerInputStream != null readerInputStream.close() IO.logger.log(Level.WARNING, 'Error closing InputStreamReader', exceptIO) if (socket != null) socket != null socket.close() IO.logger.log(Level.WARNING, 'Error closing Socket', exceptIO) else data = null if (data != null) data != null getWriter().println('<br>bad() - <img src=\'' + data + '\'>') getWriter() '<br>bad() - <img src=\'' + data + '\'>' '<br>bad() - <img src=\'' + data"
private void goodG2B() throws Throwable String data String data = goodG2BSource() this.goodG2BSource() String osCommand if (System.getProperty('os.name').toLowerCase().indexOf('win') >= 0) System.getProperty('os.name').toLowerCase().indexOf('win') >= 0 System.getProperty('os.name').toLowerCase().indexOf('win') System.getProperty('os.name').toLowerCase() System.getProperty('os.name') osCommand = 'c:\\WINDOWS\\SYSTEM32\\cmd.exe /c dir ' else osCommand = '/bin/ls ' Process process Process process = Runtime.getRuntime().exec(osCommand + data) Runtime.getRuntime().exec(osCommand + data) Runtime.getRuntime() osCommand + data process.waitFor()
private void goodG2B() throws Throwable String data String data = goodG2BSource() this.goodG2BSource() String osCommand if (System.getProperty('os.name').toLowerCase().indexOf('win') >= 0) System.getProperty('os.name').toLowerCase().indexOf('win') >= 0 System.getProperty('os.name').toLowerCase().indexOf('win') System.getProperty('os.name').toLowerCase() System.getProperty('os.name') osCommand = 'c:\\WINDOWS\\SYSTEM32\\cmd.exe /c dir ' else osCommand = '/bin/ls ' Process process Process process = Runtime.getRuntime().exec(osCommand + data) Runtime.getRuntime().exec(osCommand + data) Runtime.getRuntime() osCommand + data process.waitFor()
public void good() throws Throwable this.goodG2B1() this.goodG2B2()
"public static void main(String[] args) throws ClassNotFoundException, InstantiationException, IllegalAccessException mainFromParent(args)"
private void goodG2BSink(String data) throws Throwable String osCommand if (System.getProperty('os.name').toLowerCase().indexOf('win') >= 0) System.getProperty('os.name').toLowerCase().indexOf('win') >= 0 System.getProperty('os.name').toLowerCase().indexOf('win') System.getProperty('os.name').toLowerCase() System.getProperty('os.name') osCommand = 'c:\\WINDOWS\\SYSTEM32\\cmd.exe /c dir ' else osCommand = '/bin/ls ' Process process Process process = Runtime.getRuntime().exec(osCommand + data) Runtime.getRuntime().exec(osCommand + data) Runtime.getRuntime() osCommand + data process.waitFor()
private void goodG2B() throws Throwable String data String data = goodG2BSource() this.goodG2BSource() String osCommand if (System.getProperty('os.name').toLowerCase().indexOf('win') >= 0) System.getProperty('os.name').toLowerCase().indexOf('win') >= 0 System.getProperty('os.name').toLowerCase().indexOf('win') System.getProperty('os.name').toLowerCase() System.getProperty('os.name') osCommand = 'c:\\WINDOWS\\SYSTEM32\\cmd.exe /c dir ' else osCommand = '/bin/ls ' Process process Process process = Runtime.getRuntime().exec(osCommand + data) Runtime.getRuntime().exec(osCommand + data) Runtime.getRuntime() osCommand + data process.waitFor()
private void goodG2B() throws Throwable String data String data = goodG2BSource() this.goodG2BSource() String osCommand if (System.getProperty('os.name').toLowerCase().indexOf('win') >= 0) System.getProperty('os.name').toLowerCase().indexOf('win') >= 0 System.getProperty('os.name').toLowerCase().indexOf('win') System.getProperty('os.name').toLowerCase() System.getProperty('os.name') osCommand = 'c:\\WINDOWS\\SYSTEM32\\cmd.exe /c dir ' else osCommand = '/bin/ls ' Process process Process process = Runtime.getRuntime().exec(osCommand + data) Runtime.getRuntime().exec(osCommand + data) Runtime.getRuntime() osCommand + data process.waitFor()
public void good() throws Throwable this.goodG2B1() this.goodG2B2()
"public static void main(String[] args) throws ClassNotFoundException, InstantiationException, IllegalAccessException mainFromParent(args)"
"public void bad() throws Throwable String dataCopy String data data = '' Socket socket Socket socket = null BufferedReader readerBuffered BufferedReader readerBuffered = null InputStreamReader readerInputStream InputStreamReader readerInputStream = null try socket = new Socket('host.example.org', 39544) new Socket('host.example.org', 39544) readerInputStream = new InputStreamReader(socket.getInputStream(), 'UTF-8') new InputStreamReader(socket.getInputStream(), 'UTF-8') socket.getInputStream() readerBuffered = new BufferedReader(readerInputStream) new BufferedReader(readerInputStream) data = readerBuffered.readLine() readerBuffered.readLine() catch IO.logger.log(Level.WARNING, 'Error with stream reading', exceptIO) IO.logger Level.WARNING finally if (readerBuffered != null) readerBuffered != null readerBuffered.close() IO.logger.log(Level.WARNING, 'Error closing BufferedReader', exceptIO) if (readerInputStream != null) readerInputStream != null readerInputStream.close() IO.logger.log(Level.WARNING, 'Error closing InputStreamReader', exceptIO) if (socket != null) socket != null socket.close() IO.logger.log(Level.WARNING, 'Error closing Socket', exceptIO) dataCopy = data String data = dataCopy String osCommand if (System.getProperty('os.name').toLowerCase().indexOf('win') >= 0) System.getProperty('os.name').toLowerCase().indexOf('win') >= 0 System.getProperty('os.name').toLowerCase().indexOf('win') System.getProperty('os.name').toLowerCase() System.getProperty('os.name') osCommand = 'c:\\WINDOWS\\SYSTEM32\\cmd.exe /c dir ' else osCommand = '/bin/ls ' Process process Process process = Runtime.getRuntime().exec(osCommand + data) Runtime.getRuntime().exec(osCommand + data) Runtime.getRuntime() osCommand + data process.waitFor()"
private void goodG2B() throws Throwable String data String data = goodG2BSource() this.goodG2BSource() String osCommand if (System.getProperty('os.name').toLowerCase().indexOf('win') >= 0) System.getProperty('os.name').toLowerCase().indexOf('win') >= 0 System.getProperty('os.name').toLowerCase().indexOf('win') System.getProperty('os.name').toLowerCase() System.getProperty('os.name') osCommand = 'c:\\WINDOWS\\SYSTEM32\\cmd.exe /c dir ' else osCommand = '/bin/ls ' Process process Process process = Runtime.getRuntime().exec(osCommand + data) Runtime.getRuntime().exec(osCommand + data) Runtime.getRuntime() osCommand + data process.waitFor()
public void good() throws Throwable this.goodG2B()
"public static void main(String[] args) throws ClassNotFoundException, InstantiationException, IllegalAccessException mainFromParent(args)"
"public void bad() throws Throwable String data data = '' Socket socket Socket socket = null BufferedReader readerBuffered BufferedReader readerBuffered = null InputStreamReader readerInputStream InputStreamReader readerInputStream = null try socket = new Socket('host.example.org', 39544) new Socket('host.example.org', 39544) readerInputStream = new InputStreamReader(socket.getInputStream(), 'UTF-8') new InputStreamReader(socket.getInputStream(), 'UTF-8') socket.getInputStream() readerBuffered = new BufferedReader(readerInputStream) new BufferedReader(readerInputStream) data = readerBuffered.readLine() readerBuffered.readLine() catch IO.logger.log(Level.WARNING, 'Error with stream reading', exceptIO) IO.logger Level.WARNING finally if (readerBuffered != null) readerBuffered != null readerBuffered.close() IO.logger.log(Level.WARNING, 'Error closing BufferedReader', exceptIO) if (readerInputStream != null) readerInputStream != null readerInputStream.close() IO.logger.log(Level.WARNING, 'Error closing InputStreamReader', exceptIO) if (socket != null) socket != null socket.close() IO.logger.log(Level.WARNING, 'Error closing Socket', exceptIO) this.badSink(data) $obj0 $obj0 = new CWE78_OS_Command_Injection__connect_tcp_51b() new CWE78_OS_Command_Injection__connect_tcp_51b()"
"public void bad(HttpServletRequest request, HttpServletResponse response) throws Throwable String data if (5 == 5) 5 == 5 data = '' Socket socket Socket socket = null BufferedReader readerBuffered BufferedReader readerBuffered = null InputStreamReader readerInputStream InputStreamReader readerInputStream = null try socket = new Socket('host.example.org', 39544) new Socket('host.example.org', 39544) readerInputStream = new InputStreamReader(socket.getInputStream(), 'UTF-8') new InputStreamReader(socket.getInputStream(), 'UTF-8') socket.getInputStream() readerBuffered = new BufferedReader(readerInputStream) new BufferedReader(readerInputStream) data = readerBuffered.readLine() readerBuffered.readLine() catch IO.logger.log(Level.WARNING, 'Error with stream reading', exceptIO) IO.logger Level.WARNING finally if (readerBuffered != null) readerBuffered != null readerBuffered.close() IO.logger.log(Level.WARNING, 'Error closing BufferedReader', exceptIO) if (readerInputStream != null) readerInputStream != null readerInputStream.close() IO.logger.log(Level.WARNING, 'Error closing InputStreamReader', exceptIO) if (socket != null) socket != null socket.close() IO.logger.log(Level.WARNING, 'Error closing Socket', exceptIO) else data = null if (data != null) data != null sendError(404, '<br>bad() - Parameter name has value ' + data) '<br>bad() - Parameter name has value ' + data"
private void goodG2B2() throws Throwable String data String data = null switch(6) data = 'foo' break; data = null String osCommand if (System.getProperty('os.name').toLowerCase().indexOf('win') >= 0) System.getProperty('os.name').toLowerCase().indexOf('win') >= 0 System.getProperty('os.name').toLowerCase().indexOf('win') System.getProperty('os.name').toLowerCase() System.getProperty('os.name') osCommand = 'c:\\WINDOWS\\SYSTEM32\\cmd.exe /c dir ' else osCommand = '/bin/ls ' Process process Process process = Runtime.getRuntime().exec(osCommand + data) Runtime.getRuntime().exec(osCommand + data) Runtime.getRuntime() osCommand + data process.waitFor()
public void good() throws Throwable this.goodG2B1() this.goodG2B2()
"public static void main(String[] args) throws ClassNotFoundException, InstantiationException, IllegalAccessException mainFromParent(args)"
"public void bad(HttpServletRequest request, HttpServletResponse response) throws Throwable String data if (5 == 5) 5 == 5 data = '' Socket socket Socket socket = null BufferedReader readerBuffered BufferedReader readerBuffered = null InputStreamReader readerInputStream InputStreamReader readerInputStream = null try socket = new Socket('host.example.org', 39544) new Socket('host.example.org', 39544) readerInputStream = new InputStreamReader(socket.getInputStream(), 'UTF-8') new InputStreamReader(socket.getInputStream(), 'UTF-8') socket.getInputStream() readerBuffered = new BufferedReader(readerInputStream) new BufferedReader(readerInputStream) data = readerBuffered.readLine() readerBuffered.readLine() catch IO.logger.log(Level.WARNING, 'Error with stream reading', exceptIO) IO.logger Level.WARNING finally if (readerBuffered != null) readerBuffered != null readerBuffered.close() IO.logger.log(Level.WARNING, 'Error closing BufferedReader', exceptIO) if (readerInputStream != null) readerInputStream != null readerInputStream.close() IO.logger.log(Level.WARNING, 'Error closing InputStreamReader', exceptIO) if (socket != null) socket != null socket.close() IO.logger.log(Level.WARNING, 'Error closing Socket', exceptIO) else data = null if (data != null) data != null sendError(404, '<br>bad() - Parameter name has value ' + data) '<br>bad() - Parameter name has value ' + data"
private void badSink(String data) throws Throwable String osCommand if (System.getProperty('os.name').toLowerCase().indexOf('win') >= 0) System.getProperty('os.name').toLowerCase().indexOf('win') >= 0 System.getProperty('os.name').toLowerCase().indexOf('win') System.getProperty('os.name').toLowerCase() System.getProperty('os.name') osCommand = 'c:\\WINDOWS\\SYSTEM32\\cmd.exe /c dir ' else osCommand = '/bin/ls ' Process process Process process = Runtime.getRuntime().exec(osCommand + data) Runtime.getRuntime().exec(osCommand + data) Runtime.getRuntime() osCommand + data process.waitFor()
"public void bad(HttpServletRequest request, HttpServletResponse response) throws Throwable String data if (5 == 5) 5 == 5 data = '' Socket socket Socket socket = null BufferedReader readerBuffered BufferedReader readerBuffered = null InputStreamReader readerInputStream InputStreamReader readerInputStream = null try socket = new Socket('host.example.org', 39544) new Socket('host.example.org', 39544) readerInputStream = new InputStreamReader(socket.getInputStream(), 'UTF-8') new InputStreamReader(socket.getInputStream(), 'UTF-8') socket.getInputStream() readerBuffered = new BufferedReader(readerInputStream) new BufferedReader(readerInputStream) data = readerBuffered.readLine() readerBuffered.readLine() catch IO.logger.log(Level.WARNING, 'Error with stream reading', exceptIO) IO.logger Level.WARNING finally if (readerBuffered != null) readerBuffered != null readerBuffered.close() IO.logger.log(Level.WARNING, 'Error closing BufferedReader', exceptIO) if (readerInputStream != null) readerInputStream != null readerInputStream.close() IO.logger.log(Level.WARNING, 'Error closing InputStreamReader', exceptIO) if (socket != null) socket != null socket.close() IO.logger.log(Level.WARNING, 'Error closing Socket', exceptIO) else data = null if (data != null) data != null sendError(404, '<br>bad() - Parameter name has value ' + data) '<br>bad() - Parameter name has value ' + data"
public void good() throws Throwable this.goodG2B1() this.goodG2B2()
"public static void main(String[] args) throws ClassNotFoundException, InstantiationException, IllegalAccessException mainFromParent(args)"
"public void bad() throws Throwable String data String data = null switch(6) data = '' Socket socket Socket socket = null BufferedReader readerBuffered BufferedReader readerBuffered = null InputStreamReader readerInputStream InputStreamReader readerInputStream = null try socket = new Socket('host.example.org', 39544) new Socket('host.example.org', 39544) readerInputStream = new InputStreamReader(socket.getInputStream(), 'UTF-8') new InputStreamReader(socket.getInputStream(), 'UTF-8') socket.getInputStream() readerBuffered = new BufferedReader(readerInputStream) new BufferedReader(readerInputStream) data = readerBuffered.readLine() readerBuffered.readLine() catch IO.logger.log(Level.WARNING, 'Error with stream reading', exceptIO) IO.logger Level.WARNING finally if (readerBuffered != null) readerBuffered != null readerBuffered.close() IO.logger.log(Level.WARNING, 'Error closing BufferedReader', exceptIO) if (readerInputStream != null) readerInputStream != null readerInputStream.close() IO.logger.log(Level.WARNING, 'Error closing InputStreamReader', exceptIO) if (socket != null) socket != null socket.close() IO.logger.log(Level.WARNING, 'Error closing Socket', exceptIO) break; data = null String osCommand if (System.getProperty('os.name').toLowerCase().indexOf('win') >= 0) System.getProperty('os.name').toLowerCase().indexOf('win') >= 0 System.getProperty('os.name').toLowerCase().indexOf('win') System.getProperty('os.name').toLowerCase() System.getProperty('os.name') osCommand = 'c:\\WINDOWS\\SYSTEM32\\cmd.exe /c dir ' else osCommand = '/bin/ls ' Process process Process process = Runtime.getRuntime().exec(osCommand + data) Runtime.getRuntime().exec(osCommand + data) Runtime.getRuntime() osCommand + data process.waitFor()"
private void goodG2B1() throws Throwable String data String data = null switch(5) data = null break; data = 'foo' String osCommand if (System.getProperty('os.name').toLowerCase().indexOf('win') >= 0) System.getProperty('os.name').toLowerCase().indexOf('win') >= 0 System.getProperty('os.name').toLowerCase().indexOf('win') System.getProperty('os.name').toLowerCase() System.getProperty('os.name') osCommand = 'c:\\WINDOWS\\SYSTEM32\\cmd.exe /c dir ' else osCommand = '/bin/ls ' Process process Process process = Runtime.getRuntime().exec(osCommand + data) Runtime.getRuntime().exec(osCommand + data) Runtime.getRuntime() osCommand + data process.waitFor()
private void goodG2B2() throws Throwable String data String data = null switch(6) data = 'foo' break; data = null String osCommand if (System.getProperty('os.name').toLowerCase().indexOf('win') >= 0) System.getProperty('os.name').toLowerCase().indexOf('win') >= 0 System.getProperty('os.name').toLowerCase().indexOf('win') System.getProperty('os.name').toLowerCase() System.getProperty('os.name') osCommand = 'c:\\WINDOWS\\SYSTEM32\\cmd.exe /c dir ' else osCommand = '/bin/ls ' Process process Process process = Runtime.getRuntime().exec(osCommand + data) Runtime.getRuntime().exec(osCommand + data) Runtime.getRuntime() osCommand + data process.waitFor()
public void good() throws Throwable this.goodG2B1() this.goodG2B2()
"public static void main(String[] args) throws ClassNotFoundException, InstantiationException, IllegalAccessException mainFromParent(args)"
